{"cameraMode":{"drawMode":0,"name":"Shaded","section":"Shading Mode"},"sceneLighting":true,"audioPlay":false,"sceneViewState":{"showFog":true,"showMaterialUpdate":false,"showSkybox":true,"showFlares":true,"showImageEffects":true,"showParticleSystems":true,"showVisualEffectGraphs":true,"m_FxEnabled":true},"in2DMode":false,"pivot":{"x":1198.1600341796875,"y":426.9906005859375,"z":200.83599853515626},"rotation":{"x":-0.23494373261928559,"y":0.03410661593079567,"z":-0.008249226957559586,"w":-0.9713753461837769},"size":860.0734252929688,"orthographic":false}